"DESCRIPTION","DURATION IN MS","NAME","PARENT SUITE","START TIME","STATUS","STOP TIME","SUB SUITE","SUITE","TEST CLASS","TEST METHOD"
"","449","12 should navigate to not found for unknown product id","chromium","2026-04-01","passed","2026-04-01","Product Detail Page","product-detail.spec.js","",""
"","622","14 should show Sign In button","firefox","2026-04-01","passed","2026-04-01","User Login","login.spec.js","",""
"","91180","15 should allow Bob to open review form on eligible product","chromium","2026-04-01","broken","2026-04-01","Product Reviews","reviews.spec.js","",""
"","91487","05 should show empty cart message after clear","webkit","2026-04-01","broken","2026-04-01","Shopping Cart","shopping-cart.spec.js","",""
"","2860","13 should clear filters via Clear All","firefox","2026-04-01","passed","2026-04-01","Product Browsing","product-browsing.spec.js","",""
"","1514","09 should filter Home and Kitchen category","chromium","2026-04-01","passed","2026-04-01","Search and Filter","search-filter.spec.js","",""
"","2794","04 should sort by price high to low","webkit","2026-04-01","passed","2026-04-01","Product Browsing","product-browsing.spec.js","",""
"","1451","12 should show Filters sidebar on desktop","webkit","2026-04-01","passed","2026-04-01","Product Browsing","product-browsing.spec.js","",""
"","91378","05 should show order status section on detail","webkit","2026-04-01","broken","2026-04-01","Order Tracking","order-tracking.spec.js","",""
"","91113","03 should advance to payment after valid shipping","chromium","2026-04-01","broken","2026-04-01","Checkout Flow","checkout.spec.js","",""
"","710","01 should show products grid when data loads","chromium","2026-04-01","passed","2026-04-01","Product Browsing","product-browsing.spec.js","",""
"","1501","02 should show results count text","webkit","2026-04-01","passed","2026-04-01","Product Browsing","product-browsing.spec.js","",""
"","90988","07 should show total in summary","firefox","2026-04-01","broken","2026-04-01","Shopping Cart","shopping-cart.spec.js","",""
"","1294","06 should validate invalid email format","webkit","2026-04-01","passed","2026-04-01","User Login","login.spec.js","",""
"","753","02 should prompt sign in when logged out","chromium","2026-04-01","passed","2026-04-01","Product Reviews","reviews.spec.js","",""
"","841","10 should show numeric review count in heading","firefox","2026-04-01","passed","2026-04-01","Product Reviews","reviews.spec.js","",""
"","1792","04 should sort by price high to low","firefox","2026-04-01","passed","2026-04-01","Product Browsing","product-browsing.spec.js","",""
"","720","04 should validate empty email before submit","firefox","2026-04-01","passed","2026-04-01","User Login","login.spec.js","",""
"","91031","14 Bob should not see cancel on shipped order","firefox","2026-04-01","broken","2026-04-01","Order Tracking","order-tracking.spec.js","",""
"","91133","08 should reject duplicate review for same product","chromium","2026-04-01","broken","2026-04-01","Product Reviews","reviews.spec.js","",""
"","91359","09 should show Continue Shopping link","webkit","2026-04-01","broken","2026-04-01","Shopping Cart","shopping-cart.spec.js","",""
"","91428","12 should add two different products","chromium","2026-04-01","broken","2026-04-01","Shopping Cart","shopping-cart.spec.js","",""
"","91370","14 should show payment options including Debit Card","webkit","2026-04-01","broken","2026-04-01","Checkout Flow","checkout.spec.js","",""
"","2309","05 should clear all filters","chromium","2026-04-01","passed","2026-04-01","Search and Filter","search-filter.spec.js","",""
"","3796","11 should filter by Books category","webkit","2026-04-01","passed","2026-04-01","Search and Filter","search-filter.spec.js","",""
"","5702","10 should persist search in URL query","chromium","2026-04-01","passed","2026-04-01","Search and Filter","search-filter.spec.js","",""
"","2426","09 should open mobile filters panel on small viewports","webkit","2026-04-01","passed","2026-04-01","Product Browsing","product-browsing.spec.js","",""
"","2388","04 should combine category and brand text filter","chromium","2026-04-01","passed","2026-04-01","Search and Filter","search-filter.spec.js","",""
"","433","13 should load login form with email and password fields","chromium","2026-04-01","passed","2026-04-01","User Login","login.spec.js","",""
"","91468","09 should show Account dropdown after login","webkit","2026-04-01","broken","2026-04-01","User Login","login.spec.js","",""
"","91011","07 should require star rating selection","firefox","2026-04-01","broken","2026-04-01","Product Reviews","reviews.spec.js","",""
"","1103","12 should show Filters sidebar on desktop","chromium","2026-04-01","passed","2026-04-01","Product Browsing","product-browsing.spec.js","",""
"","90958","12 should show invalid zip client error","firefox","2026-04-01","broken","2026-04-01","Checkout Flow","checkout.spec.js","",""
"","1807","12 should allow typing brand partial match","firefox","2026-04-01","passed","2026-04-01","Search and Filter","search-filter.spec.js","",""
"","91234","08 should show review step with item list","chromium","2026-04-01","broken","2026-04-01","Checkout Flow","checkout.spec.js","",""
"","91321","14 should update navbar cart badge count","webkit","2026-04-01","broken","2026-04-01","Shopping Cart","shopping-cart.spec.js","",""
"","91135","12 should show invalid zip client error","chromium","2026-04-01","broken","2026-04-01","Checkout Flow","checkout.spec.js","",""
"","91038","05 should show order status section on detail","firefox","2026-04-01","broken","2026-04-01","Order Tracking","order-tracking.spec.js","",""
"","2821","06 should show empty state for nonsense search","firefox","2026-04-01","passed","2026-04-01","Search and Filter","search-filter.spec.js","",""
"","91172","08 should stay logged in when navigating to products","chromium","2026-04-01","broken","2026-04-01","User Login","login.spec.js","",""
"","91420","03 should advance to payment after valid shipping","webkit","2026-04-01","broken","2026-04-01","Checkout Flow","checkout.spec.js","",""
"","91420","13 should keep user on product page after failed validation","webkit","2026-04-01","broken","2026-04-01","Product Reviews","reviews.spec.js","",""
"","794","09 should navigate to login from footer link","firefox","2026-04-01","passed","2026-04-01","User Registration","registration.spec.js","",""
"","23012","13 should accept optional empty phone when other fields valid","firefox","2026-04-01","failed","2026-04-01","User Registration","registration.spec.js","",""
"","91011","11 should show tax and shipping in review","firefox","2026-04-01","broken","2026-04-01","Checkout Flow","checkout.spec.js","",""
"","1292","08 should show errors when required fields empty","webkit","2026-04-01","passed","2026-04-01","User Registration","registration.spec.js","",""
"","6800","05 should clear all filters","webkit","2026-04-01","passed","2026-04-01","Search and Filter","search-filter.spec.js","",""
"","17533","01 should login successfully with valid seeded credentials","firefox","2026-04-01","failed","2026-04-01","User Login","login.spec.js","",""
"","91465","10 should display product title in cart line","chromium","2026-04-01","broken","2026-04-01","Shopping Cart","shopping-cart.spec.js","",""
"","92287","01 should load My Orders page","webkit","2026-04-01","broken","2026-04-01","Order Tracking","order-tracking.spec.js","",""
"","91492","11 should show tax and shipping in review","webkit","2026-04-01","broken","2026-04-01","Checkout Flow","checkout.spec.js","",""
"","932","12 should have password input type password","webkit","2026-04-01","passed","2026-04-01","User Login","login.spec.js","",""
"","90939","15 should allow proceeding to checkout when items exist","firefox","2026-04-01","broken","2026-04-01","Shopping Cart","shopping-cart.spec.js","",""
"","91006","15 should allow login as Bob","firefox","2026-04-01","broken","2026-04-01","User Login","login.spec.js","",""
"","91724","04 should remove item from cart","chromium","2026-04-01","broken","2026-04-01","Shopping Cart","shopping-cart.spec.js","",""
"","3272","10 should navigate to product detail when clicking a card","webkit","2026-04-01","passed","2026-04-01","Product Browsing","product-browsing.spec.js","",""
"","90832","05 should complete order with UPI and valid UPI id","firefox","2026-04-01","broken","2026-04-01","Checkout Flow","checkout.spec.js","",""
"","1999","14 should toggle same category off when clicked again","chromium","2026-04-01","passed","2026-04-01","Search and Filter","search-filter.spec.js","",""
"","1829","02 should show toast on wrong password","webkit","2026-04-01","passed","2026-04-01","User Login","login.spec.js","",""
"","92220","01 should show cart with line item","webkit","2026-04-01","broken","2026-04-01","Shopping Cart","shopping-cart.spec.js","",""
"","91462","08 should show review step with item list","webkit","2026-04-01","broken","2026-04-01","Checkout Flow","checkout.spec.js","",""
"","91038","13 should show payment method on detail","firefox","2026-04-01","broken","2026-04-01","Order Tracking","order-tracking.spec.js","",""
"","1353","14 should load products page title All Products","webkit","2026-04-01","passed","2026-04-01","Product Browsing","product-browsing.spec.js","",""
"","92249","01 should show cart with line item","chromium","2026-04-01","broken","2026-04-01","Shopping Cart","shopping-cart.spec.js","",""
"","91365","08 should cancel placed order when Cancel Order is available","webkit","2026-04-01","broken","2026-04-01","Order Tracking","order-tracking.spec.js","",""
"","774","09 should show product image","firefox","2026-04-01","passed","2026-04-01","Product Detail Page","product-detail.spec.js","",""
"","1605","01 should show products grid when data loads","webkit","2026-04-01","passed","2026-04-01","Product Browsing","product-browsing.spec.js","",""
"","91368","07 should show total in summary","chromium","2026-04-01","broken","2026-04-01","Shopping Cart","shopping-cart.spec.js","",""
"","2495","05 should sort by name A-Z","webkit","2026-04-01","passed","2026-04-01","Product Browsing","product-browsing.spec.js","",""
"","1243","01 should search via navbar and show results heading","chromium","2026-04-01","passed","2026-04-01","Search and Filter","search-filter.spec.js","",""
"","1806","14 should show review cards for seeded data","firefox","2026-04-01","passed","2026-04-01","Product Reviews","reviews.spec.js","",""
"","91170","09 should validate UPI when UPI selected","chromium","2026-04-01","broken","2026-04-01","Checkout Flow","checkout.spec.js","",""
"","91329","15 should show back to orders link on detail","webkit","2026-04-01","broken","2026-04-01","Order Tracking","order-tracking.spec.js","",""
"","1854","07 should filter by minimum rating 4 stars","chromium","2026-04-01","passed","2026-04-01","Search and Filter","search-filter.spec.js","",""
"","91379","04 should navigate to order detail","webkit","2026-04-01","broken","2026-04-01","Order Tracking","order-tracking.spec.js","",""
"","1087","02 should show results count text","firefox","2026-04-01","passed","2026-04-01","Product Browsing","product-browsing.spec.js","",""
"","1458","11 should show star display on page","webkit","2026-04-01","passed","2026-04-01","Product Reviews","reviews.spec.js","",""
"","781","01 should show reviews section on product page","firefox","2026-04-01","passed","2026-04-01","Product Reviews","reviews.spec.js","",""
"","90905","13 should show line subtotal per item","firefox","2026-04-01","broken","2026-04-01","Shopping Cart","shopping-cart.spec.js","",""
"","1189","07 should show product description text","webkit","2026-04-01","passed","2026-04-01","Product Detail Page","product-detail.spec.js","",""
"","1332","08 should show reviews section heading","webkit","2026-04-01","passed","2026-04-01","Product Detail Page","product-detail.spec.js","",""
"","91012","15 should show back to orders link on detail","firefox","2026-04-01","broken","2026-04-01","Order Tracking","order-tracking.spec.js","",""
"","2156","06 should show empty state for nonsense search","webkit","2026-04-01","passed","2026-04-01","Search and Filter","search-filter.spec.js","",""
"","91580","04 should remove item from cart","webkit","2026-04-01","broken","2026-04-01","Shopping Cart","shopping-cart.spec.js","",""
"","91810","03 should decrease quantity","webkit","2026-04-01","broken","2026-04-01","Shopping Cart","shopping-cart.spec.js","",""
"","91130","06 should show status tracker component","chromium","2026-04-01","broken","2026-04-01","Order Tracking","order-tracking.spec.js","",""
"","4179","07 should filter by Clothing category","webkit","2026-04-01","passed","2026-04-01","Product Browsing","product-browsing.spec.js","",""
"","1429","02 should reject duplicate email","chromium","2026-04-01","passed","2026-04-01","User Registration","registration.spec.js","",""
"","91473","15 should allow proceeding to checkout when items exist","chromium","2026-04-01","broken","2026-04-01","Shopping Cart","shopping-cart.spec.js","",""
"","91185","06 should show validation for short comment","chromium","2026-04-01","broken","2026-04-01","Product Reviews","reviews.spec.js","",""
"","1700","01 should search via navbar and show results heading","webkit","2026-04-01","passed","2026-04-01","Search and Filter","search-filter.spec.js","",""
"","575","09 should show product image","chromium","2026-04-01","passed","2026-04-01","Product Detail Page","product-detail.spec.js","",""
"","1533","03 should reject invalid email format","firefox","2026-04-01","passed","2026-04-01","User Registration","registration.spec.js","",""
"","90982","07 should show order items section","firefox","2026-04-01","broken","2026-04-01","Order Tracking","order-tracking.spec.js","",""
"","1088","10 should navigate to product detail when clicking a card","firefox","2026-04-01","passed","2026-04-01","Product Browsing","product-browsing.spec.js","",""
"","2587","02 should reject duplicate email","firefox","2026-04-01","passed","2026-04-01","User Registration","registration.spec.js","",""
"","511","02 should display price with rupee symbol","chromium","2026-04-01","passed","2026-04-01","Product Detail Page","product-detail.spec.js","",""
"","91003","05 should show validation for short review title","firefox","2026-04-01","broken","2026-04-01","Product Reviews","reviews.spec.js","",""
"","91406","09 should show Continue Shopping link","chromium","2026-04-01","broken","2026-04-01","Shopping Cart","shopping-cart.spec.js","",""
"","91211","13 should have remember shipping checkbox","chromium","2026-04-01","broken","2026-04-01","Checkout Flow","checkout.spec.js","",""
"","1815","03 should sort by price low to high","firefox","2026-04-01","passed","2026-04-01","Product Browsing","product-browsing.spec.js","",""
"","91379","09 should validate UPI when UPI selected","webkit","2026-04-01","broken","2026-04-01","Checkout Flow","checkout.spec.js","",""
"","772","08 should show reviews section heading","firefox","2026-04-01","passed","2026-04-01","Product Detail Page","product-detail.spec.js","",""
"","91034","12 should show shipping block on detail","firefox","2026-04-01","broken","2026-04-01","Order Tracking","order-tracking.spec.js","",""
"","91298","05 should show validation for short review title","webkit","2026-04-01","broken","2026-04-01","Product Reviews","reviews.spec.js","",""
"","91149","10 should logout and show Login link","chromium","2026-04-01","broken","2026-04-01","User Login","login.spec.js","",""
"","1816","09 should list existing reviews when present","firefox","2026-04-01","passed","2026-04-01","Product Reviews","reviews.spec.js","",""
"","90843","06 should complete order with credit card details","firefox","2026-04-01","broken","2026-04-01","Checkout Flow","checkout.spec.js","",""
"","91407","14 should update navbar cart badge count","chromium","2026-04-01","broken","2026-04-01","Shopping Cart","shopping-cart.spec.js","",""
"","561","11 should require last name","chromium","2026-04-01","passed","2026-04-01","User Registration","registration.spec.js","",""
"","810","08 should show errors when required fields empty","firefox","2026-04-01","passed","2026-04-01","User Registration","registration.spec.js","",""
"","91011","14 should show payment options including Debit Card","firefox","2026-04-01","broken","2026-04-01","Checkout Flow","checkout.spec.js","",""
"","1907","08 should filter by Electronics category","firefox","2026-04-01","passed","2026-04-01","Product Browsing","product-browsing.spec.js","",""
"","1671","15 should sort by top rated","chromium","2026-04-01","passed","2026-04-01","Search and Filter","search-filter.spec.js","",""
"","1961","02 should filter by Footwear category","firefox","2026-04-01","passed","2026-04-01","Search and Filter","search-filter.spec.js","",""
"","91436","03 should show order id on card","webkit","2026-04-01","broken","2026-04-01","Order Tracking","order-tracking.spec.js","",""
"","90929","02 should validate empty address fields","firefox","2026-04-01","broken","2026-04-01","Checkout Flow","checkout.spec.js","",""
"","1499","04 should reject short password","firefox","2026-04-01","passed","2026-04-01","User Registration","registration.spec.js","",""
"","90929","11 should show cart page heading","firefox","2026-04-01","broken","2026-04-01","Shopping Cart","shopping-cart.spec.js","",""
"","1495","08 should filter by Accessories category","chromium","2026-04-01","passed","2026-04-01","Search and Filter","search-filter.spec.js","",""
"","679","12 should display Create Account heading","firefox","2026-04-01","passed","2026-04-01","User Registration","registration.spec.js","",""
"","90937","02 should list at least one order for seeded Alice","firefox","2026-04-01","broken","2026-04-01","Order Tracking","order-tracking.spec.js","",""
"","2554","03 should sort by price low to high","webkit","2026-04-01","passed","2026-04-01","Product Browsing","product-browsing.spec.js","",""
"","834","10 should navigate to product detail when clicking a card","chromium","2026-04-01","passed","2026-04-01","Product Browsing","product-browsing.spec.js","",""
"","624","09 should list existing reviews when present","chromium","2026-04-01","passed","2026-04-01","Product Reviews","reviews.spec.js","",""
"","91149","09 should show Account dropdown after login","chromium","2026-04-01","broken","2026-04-01","User Login","login.spec.js","",""
"","1141","09 should list existing reviews when present","webkit","2026-04-01","passed","2026-04-01","Product Reviews","reviews.spec.js","",""
"","597","12 should load reviews from API","chromium","2026-04-01","passed","2026-04-01","Product Reviews","reviews.spec.js","",""
"","1641","14 should show password fields as password type","firefox","2026-04-01","passed","2026-04-01","User Registration","registration.spec.js","",""
"","22483","13 should accept optional empty phone when other fields valid","chromium","2026-04-01","failed","2026-04-01","User Registration","registration.spec.js","",""
"","91446","12 should show shipping block on detail","webkit","2026-04-01","broken","2026-04-01","Order Tracking","order-tracking.spec.js","",""
"","91551","15 should load checkout only when authenticated","webkit","2026-04-01","broken","2026-04-01","Checkout Flow","checkout.spec.js","",""
"","91127","04 should navigate to order detail","chromium","2026-04-01","broken","2026-04-01","Order Tracking","order-tracking.spec.js","",""
"","91128","15 should allow login as Bob","chromium","2026-04-01","broken","2026-04-01","User Login","login.spec.js","",""
"","1240","10 should show brand when present","webkit","2026-04-01","passed","2026-04-01","Product Detail Page","product-detail.spec.js","",""
"","91464","15 should allow proceeding to checkout when items exist","webkit","2026-04-01","broken","2026-04-01","Shopping Cart","shopping-cart.spec.js","",""
"","752","11 should show star display on page","firefox","2026-04-01","passed","2026-04-01","Product Reviews","reviews.spec.js","",""
"","1339","11 should require last name","webkit","2026-04-01","passed","2026-04-01","User Registration","registration.spec.js","",""
"","91438","15 should allow login as Bob","webkit","2026-04-01","broken","2026-04-01","User Login","login.spec.js","",""
"","2339","12 should allow typing brand partial match","webkit","2026-04-01","passed","2026-04-01","Search and Filter","search-filter.spec.js","",""
"","1156","06 should reject password mismatch","chromium","2026-04-01","passed","2026-04-01","User Registration","registration.spec.js","",""
"","91109","15 should allow Bob to open review form on eligible product","firefox","2026-04-01","broken","2026-04-01","Product Reviews","reviews.spec.js","",""
"","605","11 should show star display on page","chromium","2026-04-01","passed","2026-04-01","Product Reviews","reviews.spec.js","",""
"","90929","09 should show Continue Shopping link","firefox","2026-04-01","broken","2026-04-01","Shopping Cart","shopping-cart.spec.js","",""
"","2462","13 should set high price floor and may show empty","chromium","2026-04-01","passed","2026-04-01","Search and Filter","search-filter.spec.js","",""
"","91081","11 should show tax and shipping in review","chromium","2026-04-01","broken","2026-04-01","Checkout Flow","checkout.spec.js","",""
"","1444","05 should sort by name A-Z","chromium","2026-04-01","passed","2026-04-01","Product Browsing","product-browsing.spec.js","",""
"","91413","10 should logout and show Login link","webkit","2026-04-01","broken","2026-04-01","User Login","login.spec.js","",""
"","3278","13 should set high price floor and may show empty","webkit","2026-04-01","passed","2026-04-01","Search and Filter","search-filter.spec.js","",""
"","1465","14 should prompt login for reviews when logged out","webkit","2026-04-01","passed","2026-04-01","Product Detail Page","product-detail.spec.js","",""
"","2006","10 should persist search in URL query","webkit","2026-04-01","passed","2026-04-01","Search and Filter","search-filter.spec.js","",""
"","1215","05 should reject weak password without uppercase","chromium","2026-04-01","passed","2026-04-01","User Registration","registration.spec.js","",""
"","91358","07 should redirect away from checkout when cart empty","webkit","2026-04-01","broken","2026-04-01","Checkout Flow","checkout.spec.js","",""
"","795","11 should navigate back using browser history","chromium","2026-04-01","passed","2026-04-01","Product Detail Page","product-detail.spec.js","",""
"","3619","07 should filter by minimum rating 4 stars","firefox","2026-04-01","passed","2026-04-01","Search and Filter","search-filter.spec.js","",""
"","91464","13 should show payment method on detail","webkit","2026-04-01","broken","2026-04-01","Order Tracking","order-tracking.spec.js","",""
"","91410","05 should show empty cart message after clear","chromium","2026-04-01","broken","2026-04-01","Shopping Cart","shopping-cart.spec.js","",""
"","769","10 should show brand when present","firefox","2026-04-01","passed","2026-04-01","Product Detail Page","product-detail.spec.js","",""
"","2754","05 should clear all filters","firefox","2026-04-01","passed","2026-04-01","Search and Filter","search-filter.spec.js","",""
"","550","01 should display product name on detail page","chromium","2026-04-01","passed","2026-04-01","Product Detail Page","product-detail.spec.js","",""
"","683","02 should show results count text","chromium","2026-04-01","passed","2026-04-01","Product Browsing","product-browsing.spec.js","",""
"","91089","06 should complete order with credit card details","chromium","2026-04-01","broken","2026-04-01","Checkout Flow","checkout.spec.js","",""
"","672","14 should load products page title All Products","chromium","2026-04-01","passed","2026-04-01","Product Browsing","product-browsing.spec.js","",""
"","1135","09 should open mobile filters panel on small viewports","firefox","2026-04-01","passed","2026-04-01","Product Browsing","product-browsing.spec.js","",""
"","887","07 should show product description text","firefox","2026-04-01","passed","2026-04-01","Product Detail Page","product-detail.spec.js","",""
"","2730","03 should filter by price range min max","webkit","2026-04-01","passed","2026-04-01","Search and Filter","search-filter.spec.js","",""
"","801","14 should prompt login for reviews when logged out","firefox","2026-04-01","passed","2026-04-01","Product Detail Page","product-detail.spec.js","",""
"","90887","04 should complete order with Cash on Delivery","firefox","2026-04-01","broken","2026-04-01","Checkout Flow","checkout.spec.js","",""
"","90989","02 should increase quantity","firefox","2026-04-01","broken","2026-04-01","Shopping Cart","shopping-cart.spec.js","",""
"","4750","14 should toggle same category off when clicked again","webkit","2026-04-01","passed","2026-04-01","Search and Filter","search-filter.spec.js","",""
"","91362","15 should allow Bob to open review form on eligible product","webkit","2026-04-01","broken","2026-04-01","Product Reviews","reviews.spec.js","",""
"","92191","11 should show total on order card","firefox","2026-04-01","broken","2026-04-01","Order Tracking","order-tracking.spec.js","",""
"","970","14 should load products page title All Products","firefox","2026-04-01","passed","2026-04-01","Product Browsing","product-browsing.spec.js","",""
"","90891","03 should advance to payment after valid shipping","firefox","2026-04-01","broken","2026-04-01","Checkout Flow","checkout.spec.js","",""
"","783","12 should load reviews from API","firefox","2026-04-01","passed","2026-04-01","Product Reviews","reviews.spec.js","",""
"","2317","10 should persist search in URL query","firefox","2026-04-01","passed","2026-04-01","Search and Filter","search-filter.spec.js","",""
"","2273","06 should sort by newest","webkit","2026-04-01","passed","2026-04-01","Product Browsing","product-browsing.spec.js","",""
"","91157","05 should complete order with UPI and valid UPI id","chromium","2026-04-01","broken","2026-04-01","Checkout Flow","checkout.spec.js","",""
"","91506","02 should increase quantity","chromium","2026-04-01","broken","2026-04-01","Shopping Cart","shopping-cart.spec.js","",""
"","91384","11 should show cart page heading","chromium","2026-04-01","broken","2026-04-01","Shopping Cart","shopping-cart.spec.js","",""
"","582","14 should prompt login for reviews when logged out","chromium","2026-04-01","passed","2026-04-01","Product Detail Page","product-detail.spec.js","",""
"","91330","08 should reject duplicate review for same product","webkit","2026-04-01","broken","2026-04-01","Product Reviews","reviews.spec.js","",""
"","1574","11 should filter by Books category","chromium","2026-04-01","passed","2026-04-01","Search and Filter","search-filter.spec.js","",""
"","24392","13 should accept optional empty phone when other fields valid","webkit","2026-04-01","failed","2026-04-01","User Registration","registration.spec.js","",""
"","604","07 should show product description text","chromium","2026-04-01","passed","2026-04-01","Product Detail Page","product-detail.spec.js","",""
"","514","05 should validate empty password","chromium","2026-04-01","passed","2026-04-01","User Login","login.spec.js","",""
"","91278","11 should show total on order card","webkit","2026-04-01","broken","2026-04-01","Order Tracking","order-tracking.spec.js","",""
"","91248","07 should redirect away from checkout when cart empty","chromium","2026-04-01","broken","2026-04-01","Checkout Flow","checkout.spec.js","",""
"","702","15 should stay on register when client validation fails","chromium","2026-04-01","passed","2026-04-01","User Registration","registration.spec.js","",""
"","681","09 should open mobile filters panel on small viewports","chromium","2026-04-01","passed","2026-04-01","Product Browsing","product-browsing.spec.js","",""
"","91233","13 should keep user on product page after failed validation","chromium","2026-04-01","broken","2026-04-01","Product Reviews","reviews.spec.js","",""
"","1192","15 should stay on register when client validation fails","webkit","2026-04-01","passed","2026-04-01","User Registration","registration.spec.js","",""
"","539","10 should require first name","chromium","2026-04-01","passed","2026-04-01","User Registration","registration.spec.js","",""
"","22458","01 should register with valid unique email","chromium","2026-04-01","failed","2026-04-01","User Registration","registration.spec.js","",""
"","1846","07 should filter by Clothing category","firefox","2026-04-01","passed","2026-04-01","Product Browsing","product-browsing.spec.js","",""
"","770","10 should require first name","firefox","2026-04-01","passed","2026-04-01","User Registration","registration.spec.js","",""
"","91411","15 should show back to orders link on detail","chromium","2026-04-01","broken","2026-04-01","Order Tracking","order-tracking.spec.js","",""
"","1484","06 should reject password mismatch","firefox","2026-04-01","passed","2026-04-01","User Registration","registration.spec.js","",""
"","91143","11 should show total on order card","chromium","2026-04-01","broken","2026-04-01","Order Tracking","order-tracking.spec.js","",""
"","2756","04 should reject short password","webkit","2026-04-01","passed","2026-04-01","User Registration","registration.spec.js","",""
"","1468","11 should show product cards with price","chromium","2026-04-01","passed","2026-04-01","Product Browsing","product-browsing.spec.js","",""
"","91464","08 should stay logged in when navigating to products","webkit","2026-04-01","broken","2026-04-01","User Login","login.spec.js","",""
"","91392","07 should show order items section","webkit","2026-04-01","broken","2026-04-01","Order Tracking","order-tracking.spec.js","",""
"","4671","13 should clear filters via Clear All","webkit","2026-04-01","passed","2026-04-01","Product Browsing","product-browsing.spec.js","",""
"","91488","14 Bob should not see cancel on shipped order","webkit","2026-04-01","broken","2026-04-01","Order Tracking","order-tracking.spec.js","",""
"","1445","15 should show sort dropdown","webkit","2026-04-01","passed","2026-04-01","Product Browsing","product-browsing.spec.js","",""
"","423","14 should show Sign In button","chromium","2026-04-01","passed","2026-04-01","User Login","login.spec.js","",""
"","1150","02 should prompt sign in when logged out","webkit","2026-04-01","passed","2026-04-01","Product Reviews","reviews.spec.js","",""
"","570","13 should show quantity selector for in-stock product","chromium","2026-04-01","passed","2026-04-01","Product Detail Page","product-detail.spec.js","",""
"","493","09 should navigate to login from footer link","chromium","2026-04-01","passed","2026-04-01","User Registration","registration.spec.js","",""
"","2212","01 should search via navbar and show results heading","firefox","2026-04-01","passed","2026-04-01","Search and Filter","search-filter.spec.js","",""
"","91082","01 should show cart with line item","firefox","2026-04-01","broken","2026-04-01","Shopping Cart","shopping-cart.spec.js","",""
"","91451","07 should show total in summary","webkit","2026-04-01","broken","2026-04-01","Shopping Cart","shopping-cart.spec.js","",""
"","755","02 should prompt sign in when logged out","firefox","2026-04-01","passed","2026-04-01","Product Reviews","reviews.spec.js","",""
"","91099","05 should show validation for short review title","chromium","2026-04-01","broken","2026-04-01","Product Reviews","reviews.spec.js","",""
"","2283","08 should filter by Accessories category","firefox","2026-04-01","passed","2026-04-01","Search and Filter","search-filter.spec.js","",""
"","656","14 should show review cards for seeded data","chromium","2026-04-01","passed","2026-04-01","Product Reviews","reviews.spec.js","",""
"","91053","05 should add product to cart when logged in","firefox","2026-04-01","broken","2026-04-01","Product Detail Page","product-detail.spec.js","",""
"","2485","13 should clear filters via Clear All","chromium","2026-04-01","passed","2026-04-01","Product Browsing","product-browsing.spec.js","",""
"","91478","02 should validate empty address fields","webkit","2026-04-01","broken","2026-04-01","Checkout Flow","checkout.spec.js","",""
"","2184","04 should increase quantity with + control","webkit","2026-04-01","passed","2026-04-01","Product Detail Page","product-detail.spec.js","",""
"","91047","06 should show validation for short comment","firefox","2026-04-01","broken","2026-04-01","Product Reviews","reviews.spec.js","",""
"","91083","07 should show order items section","chromium","2026-04-01","broken","2026-04-01","Order Tracking","order-tracking.spec.js","",""
"","91246","07 should require star rating selection","chromium","2026-04-01","broken","2026-04-01","Product Reviews","reviews.spec.js","",""
"","498","08 should show errors when required fields empty","chromium","2026-04-01","passed","2026-04-01","User Registration","registration.spec.js","",""
"","91134","08 should cancel placed order when Cancel Order is available","chromium","2026-04-01","broken","2026-04-01","Order Tracking","order-tracking.spec.js","",""
"","873","14 should show Sign In button","webkit","2026-04-01","passed","2026-04-01","User Login","login.spec.js","",""
"","1744","11 should show product cards with price","webkit","2026-04-01","passed","2026-04-01","Product Browsing","product-browsing.spec.js","",""
"","1622","03 should filter by price range min max","chromium","2026-04-01","passed","2026-04-01","Search and Filter","search-filter.spec.js","",""
"","90978","01 should load My Orders page","firefox","2026-04-01","broken","2026-04-01","Order Tracking","order-tracking.spec.js","",""
"","1476","05 should reject weak password without uppercase","firefox","2026-04-01","passed","2026-04-01","User Registration","registration.spec.js","",""
"","91372","03 should show review form when logged in","chromium","2026-04-01","broken","2026-04-01","Product Reviews","reviews.spec.js","",""
"","91379","03 should decrease quantity","chromium","2026-04-01","broken","2026-04-01","Shopping Cart","shopping-cart.spec.js","",""
"","91037","10 should show order date on list card","firefox","2026-04-01","broken","2026-04-01","Order Tracking","order-tracking.spec.js","",""
"","1258","01 should display product name on detail page","webkit","2026-04-01","passed","2026-04-01","Product Detail Page","product-detail.spec.js","",""
"","1385","15 should display compare-at price when on sale","webkit","2026-04-01","passed","2026-04-01","Product Detail Page","product-detail.spec.js","",""
"","2897","13 should set high price floor and may show empty","firefox","2026-04-01","passed","2026-04-01","Search and Filter","search-filter.spec.js","",""
"","1279","03 should show stock status","webkit","2026-04-01","passed","2026-04-01","Product Detail Page","product-detail.spec.js","",""
"","2280","03 should show toast for unregistered email","webkit","2026-04-01","passed","2026-04-01","User Login","login.spec.js","",""
"","1006","04 should increase quantity with + control","chromium","2026-04-01","passed","2026-04-01","Product Detail Page","product-detail.spec.js","",""
"","570","10 should show brand when present","chromium","2026-04-01","passed","2026-04-01","Product Detail Page","product-detail.spec.js","",""
"","91467","13 should show payment method on detail","chromium","2026-04-01","broken","2026-04-01","Order Tracking","order-tracking.spec.js","",""
"","1497","04 should sort by price high to low","chromium","2026-04-01","passed","2026-04-01","Product Browsing","product-browsing.spec.js","",""
"","1224","09 should navigate to login from footer link","webkit","2026-04-01","passed","2026-04-01","User Registration","registration.spec.js","",""
"","1078","12 should show Filters sidebar on desktop","firefox","2026-04-01","passed","2026-04-01","Product Browsing","product-browsing.spec.js","",""
"","91382","06 should show validation for short comment","webkit","2026-04-01","broken","2026-04-01","Product Reviews","reviews.spec.js","",""
"","1294","03 should show toast for unregistered email","firefox","2026-04-01","passed","2026-04-01","User Login","login.spec.js","",""
"","552","15 should display compare-at price when on sale","chromium","2026-04-01","passed","2026-04-01","Product Detail Page","product-detail.spec.js","",""
"","90953","09 should validate UPI when UPI selected","firefox","2026-04-01","broken","2026-04-01","Checkout Flow","checkout.spec.js","",""
"","91300","13 should show line subtotal per item","webkit","2026-04-01","broken","2026-04-01","Shopping Cart","shopping-cart.spec.js","",""
"","91311","07 should require star rating selection","webkit","2026-04-01","broken","2026-04-01","Product Reviews","reviews.spec.js","",""
"","2298","02 should reject duplicate email","webkit","2026-04-01","passed","2026-04-01","User Registration","registration.spec.js","",""
"","91214","05 should add product to cart when logged in","chromium","2026-04-01","broken","2026-04-01","Product Detail Page","product-detail.spec.js","",""
"","563","08 should show reviews section heading","chromium","2026-04-01","passed","2026-04-01","Product Detail Page","product-detail.spec.js","",""
"","91109","04 should complete order with Cash on Delivery","chromium","2026-04-01","broken","2026-04-01","Checkout Flow","checkout.spec.js","",""
"","684","12 should have password input type password","firefox","2026-04-01","passed","2026-04-01","User Login","login.spec.js","",""
"","91336","11 should show cart page heading","webkit","2026-04-01","broken","2026-04-01","Shopping Cart","shopping-cart.spec.js","",""
"","91570","02 should list at least one order for seeded Alice","webkit","2026-04-01","broken","2026-04-01","Order Tracking","order-tracking.spec.js","",""
"","90948","03 should show order id on card","firefox","2026-04-01","broken","2026-04-01","Order Tracking","order-tracking.spec.js","",""
"","1164","07 should reject invalid phone","chromium","2026-04-01","passed","2026-04-01","User Registration","registration.spec.js","",""
"","671","06 should not show add to cart for out of stock product","chromium","2026-04-01","passed","2026-04-01","Product Detail Page","product-detail.spec.js","",""
"","1251","04 should increase quantity with + control","firefox","2026-04-01","passed","2026-04-01","Product Detail Page","product-detail.spec.js","",""
"","90936","04 should remove item from cart","firefox","2026-04-01","broken","2026-04-01","Shopping Cart","shopping-cart.spec.js","",""
"","1849","07 should reject invalid phone","webkit","2026-04-01","passed","2026-04-01","User Registration","registration.spec.js","",""
"","91522","06 should complete order with credit card details","webkit","2026-04-01","broken","2026-04-01","Checkout Flow","checkout.spec.js","",""
"","91390","04 should complete order with Cash on Delivery","webkit","2026-04-01","broken","2026-04-01","Checkout Flow","checkout.spec.js","",""
"","1553","07 should filter by Clothing category","chromium","2026-04-01","passed","2026-04-01","Product Browsing","product-browsing.spec.js","",""
"","90990","13 should have remember shipping checkbox","firefox","2026-04-01","broken","2026-04-01","Checkout Flow","checkout.spec.js","",""
"","90998","08 should reject duplicate review for same product","firefox","2026-04-01","broken","2026-04-01","Product Reviews","reviews.spec.js","",""
"","1431","02 should display price with rupee symbol","webkit","2026-04-01","passed","2026-04-01","Product Detail Page","product-detail.spec.js","",""
"","23616","01 should register with valid unique email","webkit","2026-04-01","failed","2026-04-01","User Registration","registration.spec.js","",""
"","91278","06 should show status tracker component","webkit","2026-04-01","broken","2026-04-01","Order Tracking","order-tracking.spec.js","",""
"","91113","02 should list at least one order for seeded Alice","chromium","2026-04-01","broken","2026-04-01","Order Tracking","order-tracking.spec.js","",""
"","1336","10 should require first name","webkit","2026-04-01","passed","2026-04-01","User Registration","registration.spec.js","",""
"","639","15 should show sort dropdown","chromium","2026-04-01","passed","2026-04-01","Product Browsing","product-browsing.spec.js","",""
"","870","15 should display compare-at price when on sale","firefox","2026-04-01","passed","2026-04-01","Product Detail Page","product-detail.spec.js","",""
"","804","13 should show quantity selector for in-stock product","firefox","2026-04-01","passed","2026-04-01","Product Detail Page","product-detail.spec.js","",""
"","91400","10 should display product title in cart line","webkit","2026-04-01","broken","2026-04-01","Shopping Cart","shopping-cart.spec.js","",""
"","1503","03 should sort by price low to high","chromium","2026-04-01","passed","2026-04-01","Product Browsing","product-browsing.spec.js","",""
"","91406","10 should show order date on list card","webkit","2026-04-01","broken","2026-04-01","Order Tracking","order-tracking.spec.js","",""
"","4541","15 should sort by top rated","webkit","2026-04-01","passed","2026-04-01","Search and Filter","search-filter.spec.js","",""
"","1691","02 should filter by Footwear category","chromium","2026-04-01","passed","2026-04-01","Search and Filter","search-filter.spec.js","",""
"","1762","06 should not show add to cart for out of stock product","firefox","2026-04-01","passed","2026-04-01","Product Detail Page","product-detail.spec.js","",""
"","90952","14 should update navbar cart badge count","firefox","2026-04-01","broken","2026-04-01","Shopping Cart","shopping-cart.spec.js","",""
"","711","07 should keep user on login page when validation fails","firefox","2026-04-01","passed","2026-04-01","User Login","login.spec.js","",""
"","1107","02 should show toast on wrong password","chromium","2026-04-01","passed","2026-04-01","User Login","login.spec.js","",""
"","91135","15 should load checkout only when authenticated","chromium","2026-04-01","broken","2026-04-01","Checkout Flow","checkout.spec.js","",""
"","1965","03 should filter by price range min max","firefox","2026-04-01","passed","2026-04-01","Search and Filter","search-filter.spec.js","",""
"","2256","02 should show toast on wrong password","firefox","2026-04-01","passed","2026-04-01","User Login","login.spec.js","",""
"","91242","12 should show shipping block on detail","chromium","2026-04-01","broken","2026-04-01","Order Tracking","order-tracking.spec.js","",""
"","91134","01 should show checkout steps","chromium","2026-04-01","broken","2026-04-01","Checkout Flow","checkout.spec.js","",""
"","2213","04 should validate empty email before submit","webkit","2026-04-01","passed","2026-04-01","User Login","login.spec.js","",""
"","91364","04 should submit a verified purchase review for product 4","webkit","2026-04-01","broken","2026-04-01","Product Reviews","reviews.spec.js","",""
"","1198","04 should reject short password","chromium","2026-04-01","passed","2026-04-01","User Registration","registration.spec.js","",""
"","1959","09 should filter Home and Kitchen category","firefox","2026-04-01","passed","2026-04-01","Search and Filter","search-filter.spec.js","",""
"","91113","09 should show Browse Products on empty orders for new user","chromium","2026-04-01","broken","2026-04-01","Order Tracking","order-tracking.spec.js","",""
"","90986","08 should stay logged in when navigating to products","firefox","2026-04-01","broken","2026-04-01","User Login","login.spec.js","",""
"","91425","13 should have remember shipping checkbox","webkit","2026-04-01","broken","2026-04-01","Checkout Flow","checkout.spec.js","",""
"","91314","03 should show review form when logged in","webkit","2026-04-01","broken","2026-04-01","Product Reviews","reviews.spec.js","",""
"","91353","05 should add product to cart when logged in","webkit","2026-04-01","broken","2026-04-01","Product Detail Page","product-detail.spec.js","",""
"","1051","03 should show toast for unregistered email","chromium","2026-04-01","passed","2026-04-01","User Login","login.spec.js","",""
"","887","13 should load login form with email and password fields","webkit","2026-04-01","passed","2026-04-01","User Login","login.spec.js","",""
"","91036","08 should cancel placed order when Cancel Order is available","firefox","2026-04-01","broken","2026-04-01","Order Tracking","order-tracking.spec.js","",""
"","942","12 should display Create Account heading","webkit","2026-04-01","passed","2026-04-01","User Registration","registration.spec.js","",""
"","743","01 should show reviews section on product page","chromium","2026-04-01","passed","2026-04-01","Product Reviews","reviews.spec.js","",""
"","2538","03 should reject invalid email format","webkit","2026-04-01","passed","2026-04-01","User Registration","registration.spec.js","",""
"","1803","06 should sort by newest","firefox","2026-04-01","passed","2026-04-01","Product Browsing","product-browsing.spec.js","",""
"","91117","05 should show order status section on detail","chromium","2026-04-01","broken","2026-04-01","Order Tracking","order-tracking.spec.js","",""
"","1884","01 should show products grid when data loads","firefox","2026-04-01","passed","2026-04-01","Product Browsing","product-browsing.spec.js","",""
"","17145","01 should login successfully with valid seeded credentials","chromium","2026-04-01","failed","2026-04-01","User Login","login.spec.js","",""
"","915","01 should display product name on detail page","firefox","2026-04-01","passed","2026-04-01","Product Detail Page","product-detail.spec.js","",""
"","91443","13 should show line subtotal per item","chromium","2026-04-01","broken","2026-04-01","Shopping Cart","shopping-cart.spec.js","",""
"","719","05 should validate empty password","firefox","2026-04-01","passed","2026-04-01","User Login","login.spec.js","",""
"","90908","12 should add two different products","firefox","2026-04-01","broken","2026-04-01","Shopping Cart","shopping-cart.spec.js","",""
"","3474","11 should navigate back using browser history","webkit","2026-04-01","passed","2026-04-01","Product Detail Page","product-detail.spec.js","",""
"","843","02 should display price with rupee symbol","firefox","2026-04-01","passed","2026-04-01","Product Detail Page","product-detail.spec.js","",""
"","91309","06 should show order summary with subtotal","chromium","2026-04-01","broken","2026-04-01","Shopping Cart","shopping-cart.spec.js","",""
"","91399","06 should show order summary with subtotal","webkit","2026-04-01","broken","2026-04-01","Shopping Cart","shopping-cart.spec.js","",""
"","90994","03 should show review form when logged in","firefox","2026-04-01","broken","2026-04-01","Product Reviews","reviews.spec.js","",""
"","91438","14 Bob should not see cancel on shipped order","chromium","2026-04-01","broken","2026-04-01","Order Tracking","order-tracking.spec.js","",""
"","1651","11 should navigate back using browser history","firefox","2026-04-01","passed","2026-04-01","Product Detail Page","product-detail.spec.js","",""
"","91405","01 should show checkout steps","webkit","2026-04-01","broken","2026-04-01","Checkout Flow","checkout.spec.js","",""
"","4089","02 should filter by Footwear category","webkit","2026-04-01","passed","2026-04-01","Search and Filter","search-filter.spec.js","",""
"","481","07 should keep user on login page when validation fails","chromium","2026-04-01","passed","2026-04-01","User Login","login.spec.js","",""
"","727","12 should navigate to not found for unknown product id","firefox","2026-04-01","passed","2026-04-01","Product Detail Page","product-detail.spec.js","",""
"","91120","03 should show order id on card","chromium","2026-04-01","broken","2026-04-01","Order Tracking","order-tracking.spec.js","",""
"","91104","01 should load My Orders page","chromium","2026-04-01","broken","2026-04-01","Order Tracking","order-tracking.spec.js","",""
"","91470","12 should add two different products","webkit","2026-04-01","broken","2026-04-01","Shopping Cart","shopping-cart.spec.js","",""
"","90899","05 should show empty cart message after clear","firefox","2026-04-01","broken","2026-04-01","Shopping Cart","shopping-cart.spec.js","",""
"","587","10 should show numeric review count in heading","chromium","2026-04-01","passed","2026-04-01","Product Reviews","reviews.spec.js","",""
"","91244","10 should allow going back from payment to shipping","chromium","2026-04-01","broken","2026-04-01","Checkout Flow","checkout.spec.js","",""
"","1141","01 should show reviews section on product page","webkit","2026-04-01","passed","2026-04-01","Product Reviews","reviews.spec.js","",""
"","450","12 should display Create Account heading","chromium","2026-04-01","passed","2026-04-01","User Registration","registration.spec.js","",""
"","9676","07 should filter by minimum rating 4 stars","webkit","2026-04-01","passed","2026-04-01","Search and Filter","search-filter.spec.js","",""
"","555","11 should navigate to register from login page","chromium","2026-04-01","passed","2026-04-01","User Login","login.spec.js","",""
"","90997","03 should decrease quantity","firefox","2026-04-01","broken","2026-04-01","Shopping Cart","shopping-cart.spec.js","",""
"","550","06 should validate invalid email format","chromium","2026-04-01","passed","2026-04-01","User Login","login.spec.js","",""
"","91394","08 should navigate to checkout via link","webkit","2026-04-01","broken","2026-04-01","Shopping Cart","shopping-cart.spec.js","",""
"","91880","02 should increase quantity","webkit","2026-04-01","broken","2026-04-01","Shopping Cart","shopping-cart.spec.js","",""
"","1265","11 should navigate to register from login page","webkit","2026-04-01","passed","2026-04-01","User Login","login.spec.js","",""
"","91222","14 should show payment options including Debit Card","chromium","2026-04-01","broken","2026-04-01","Checkout Flow","checkout.spec.js","",""
"","91093","13 should keep user on product page after failed validation","firefox","2026-04-01","broken","2026-04-01","Product Reviews","reviews.spec.js","",""
"","91002","10 should display product title in cart line","firefox","2026-04-01","broken","2026-04-01","Shopping Cart","shopping-cart.spec.js","",""
"","1994","11 should filter by Books category","firefox","2026-04-01","passed","2026-04-01","Search and Filter","search-filter.spec.js","",""
"","3356","08 should filter by Accessories category","webkit","2026-04-01","passed","2026-04-01","Search and Filter","search-filter.spec.js","",""
"","2252","05 should reject weak password without uppercase","webkit","2026-04-01","passed","2026-04-01","User Registration","registration.spec.js","",""
"","3667","09 should filter Home and Kitchen category","webkit","2026-04-01","passed","2026-04-01","Search and Filter","search-filter.spec.js","",""
"","1223","12 should load reviews from API","webkit","2026-04-01","passed","2026-04-01","Product Reviews","reviews.spec.js","",""
"","90996","04 should submit a verified purchase review for product 4","firefox","2026-04-01","broken","2026-04-01","Product Reviews","reviews.spec.js","",""
"","1824","12 should navigate to not found for unknown product id","webkit","2026-04-01","passed","2026-04-01","Product Detail Page","product-detail.spec.js","",""
"","91434","08 should navigate to checkout via link","chromium","2026-04-01","broken","2026-04-01","Shopping Cart","shopping-cart.spec.js","",""
"","90969","06 should show order summary with subtotal","firefox","2026-04-01","broken","2026-04-01","Shopping Cart","shopping-cart.spec.js","",""
"","23460","01 should register with valid unique email","firefox","2026-04-01","failed","2026-04-01","User Registration","registration.spec.js","",""
"","1480","08 should filter by Electronics category","chromium","2026-04-01","passed","2026-04-01","Product Browsing","product-browsing.spec.js","",""
"","90918","01 should show checkout steps","firefox","2026-04-01","broken","2026-04-01","Checkout Flow","checkout.spec.js","",""
"","90955","09 should show Account dropdown after login","firefox","2026-04-01","broken","2026-04-01","User Login","login.spec.js","",""
"","91090","02 should validate empty address fields","chromium","2026-04-01","broken","2026-04-01","Checkout Flow","checkout.spec.js","",""
"","2072","05 should validate empty password","webkit","2026-04-01","passed","2026-04-01","User Login","login.spec.js","",""
"","740","14 should show password fields as password type","chromium","2026-04-01","passed","2026-04-01","User Registration","registration.spec.js","",""
"","90993","06 should show status tracker component","firefox","2026-04-01","broken","2026-04-01","Order Tracking","order-tracking.spec.js","",""
"","2698","04 should combine category and brand text filter","firefox","2026-04-01","passed","2026-04-01","Search and Filter","search-filter.spec.js","",""
"","1767","05 should sort by name A-Z","firefox","2026-04-01","passed","2026-04-01","Product Browsing","product-browsing.spec.js","",""
"","431","12 should have password input type password","chromium","2026-04-01","passed","2026-04-01","User Login","login.spec.js","",""
"","501","04 should validate empty email before submit","chromium","2026-04-01","passed","2026-04-01","User Login","login.spec.js","",""
"","1642","11 should navigate to register from login page","firefox","2026-04-01","passed","2026-04-01","User Login","login.spec.js","",""
"","827","15 should stay on register when client validation fails","firefox","2026-04-01","passed","2026-04-01","User Registration","registration.spec.js","",""
"","91465","04 should submit a verified purchase review for product 4","chromium","2026-04-01","broken","2026-04-01","Product Reviews","reviews.spec.js","",""
"","632","13 should load login form with email and password fields","firefox","2026-04-01","passed","2026-04-01","User Login","login.spec.js","",""
"","2433","14 should toggle same category off when clicked again","firefox","2026-04-01","passed","2026-04-01","Search and Filter","search-filter.spec.js","",""
"","90919","08 should navigate to checkout via link","firefox","2026-04-01","broken","2026-04-01","Shopping Cart","shopping-cart.spec.js","",""
"","998","11 should show product cards with price","firefox","2026-04-01","passed","2026-04-01","Product Browsing","product-browsing.spec.js","",""
"","5257","08 should filter by Electronics category","webkit","2026-04-01","passed","2026-04-01","Product Browsing","product-browsing.spec.js","",""
"","732","06 should validate invalid email format","firefox","2026-04-01","passed","2026-04-01","User Login","login.spec.js","",""
"","90961","04 should navigate to order detail","firefox","2026-04-01","broken","2026-04-01","Order Tracking","order-tracking.spec.js","",""
"","1218","07 should keep user on login page when validation fails","webkit","2026-04-01","passed","2026-04-01","User Login","login.spec.js","",""
"","1988","13 should show quantity selector for in-stock product","webkit","2026-04-01","passed","2026-04-01","Product Detail Page","product-detail.spec.js","",""
"","90887","07 should redirect away from checkout when cart empty","firefox","2026-04-01","broken","2026-04-01","Checkout Flow","checkout.spec.js","",""
"","1192","10 should show numeric review count in heading","webkit","2026-04-01","passed","2026-04-01","Product Reviews","reviews.spec.js","",""
"","90997","15 should load checkout only when authenticated","firefox","2026-04-01","broken","2026-04-01","Checkout Flow","checkout.spec.js","",""
"","1426","06 should sort by newest","chromium","2026-04-01","passed","2026-04-01","Product Browsing","product-browsing.spec.js","",""
"","1849","15 should sort by top rated","firefox","2026-04-01","passed","2026-04-01","Search and Filter","search-filter.spec.js","",""
"","554","03 should show stock status","chromium","2026-04-01","passed","2026-04-01","Product Detail Page","product-detail.spec.js","",""
"","90949","10 should logout and show Login link","firefox","2026-04-01","broken","2026-04-01","User Login","login.spec.js","",""
"","1320","03 should reject invalid email format","chromium","2026-04-01","passed","2026-04-01","User Registration","registration.spec.js","",""
"","1828","06 should reject password mismatch","webkit","2026-04-01","passed","2026-04-01","User Registration","registration.spec.js","",""
"","1472","12 should allow typing brand partial match","chromium","2026-04-01","passed","2026-04-01","Search and Filter","search-filter.spec.js","",""
"","91478","05 should complete order with UPI and valid UPI id","webkit","2026-04-01","broken","2026-04-01","Checkout Flow","checkout.spec.js","",""
"","91333","12 should show invalid zip client error","webkit","2026-04-01","broken","2026-04-01","Checkout Flow","checkout.spec.js","",""
"","2732","06 should show empty state for nonsense search","chromium","2026-04-01","passed","2026-04-01","Search and Filter","search-filter.spec.js","",""
"","90995","10 should allow going back from payment to shipping","firefox","2026-04-01","broken","2026-04-01","Checkout Flow","checkout.spec.js","",""
"","1380","14 should show review cards for seeded data","webkit","2026-04-01","passed","2026-04-01","Product Reviews","reviews.spec.js","",""
"","4869","04 should combine category and brand text filter","webkit","2026-04-01","passed","2026-04-01","Search and Filter","search-filter.spec.js","",""
"","91458","10 should allow going back from payment to shipping","webkit","2026-04-01","broken","2026-04-01","Checkout Flow","checkout.spec.js","",""
"","91405","09 should show Browse Products on empty orders for new user","webkit","2026-04-01","broken","2026-04-01","Order Tracking","order-tracking.spec.js","",""
"","90932","08 should show review step with item list","firefox","2026-04-01","broken","2026-04-01","Checkout Flow","checkout.spec.js","",""
"","1342","09 should show product image","webkit","2026-04-01","passed","2026-04-01","Product Detail Page","product-detail.spec.js","",""
"","1491","15 should show sort dropdown","firefox","2026-04-01","passed","2026-04-01","Product Browsing","product-browsing.spec.js","",""
"","779","03 should show stock status","firefox","2026-04-01","passed","2026-04-01","Product Detail Page","product-detail.spec.js","",""
"","1537","07 should reject invalid phone","firefox","2026-04-01","passed","2026-04-01","User Registration","registration.spec.js","",""
"","17502","01 should login successfully with valid seeded credentials","webkit","2026-04-01","failed","2026-04-01","User Login","login.spec.js","",""
"","91225","10 should show order date on list card","chromium","2026-04-01","broken","2026-04-01","Order Tracking","order-tracking.spec.js","",""
"","91005","09 should show Browse Products on empty orders for new user","firefox","2026-04-01","broken","2026-04-01","Order Tracking","order-tracking.spec.js","",""
"","1547","06 should not show add to cart for out of stock product","webkit","2026-04-01","passed","2026-04-01","Product Detail Page","product-detail.spec.js","",""
"","1282","14 should show password fields as password type","webkit","2026-04-01","passed","2026-04-01","User Registration","registration.spec.js","",""
"","817","11 should require last name","firefox","2026-04-01","passed","2026-04-01","User Registration","registration.spec.js","",""
